tresc;autor;zrodlo;data_ostatniego_wyswietlenia
"Dla każdego, kto się boi, jest samotny albo nieszczęśliwy, stanowczo najlepszym środkiem jest wyjście na zewnątrz, gdzieś, gdzie jest się zupełnie sam na sam z niebem, naturą i Bogiem. Bo dopiero wtedy, tylko wtedy, czuje się, że wszystko jest tak, jak być powinno i że Bóg chce widzieć ludzi szczęśliwymi wśród prostej, ale pięknej natury. Jak długo to istnieje, a będzie na pewno zawsze istnieć, wiem, że we wszystkich okolicznościach, istnieje zawsze pociecha na każde zmartwienie. I wierzę mocno, że natura potrafi ukoić każde cierpienie.";Anna Frank;tekstualna.pl;
"Lepiej jest zapalić świecę, niż przeklinać ciemność.";Matka Teresa z Kalkuty;tekstualna.pl;
"Mistrzowie grają dotąd, aż grają dobrze.";Billie Jean King;tekstualna.pl;
"Czyń tylko to co podpowiada Ci serce.";Diana Spencer;tekstualna.pl;
"Jeśli zaproponują ci miejsce w statku kosmicznym, nie pytaj, co to za miejsce. Po prostu wsiadaj.";Sheryl Sandberg;tekstualna.pl;
"Rób to, co uważasz za stosowne. I tak zawsze znajdzie się ktoś, kto uważa inaczej…";Michelle Obama;tekstualna.pl;
"Najtrudniejsze jest zdecydowanie się na działanie. Reszta to już tylko kwestia wytrwałości.";Amelia Earhart;tekstualna.pl;
"Być może urodziłaś się bez skrzydeł. Ale najważniejsze, żebyś nie przeszkadzała im wyrosnąć.";Coco Chanel;tekstualna.pl;
"Zawsze robiłam coś do czego nie byłam w pełni przygotowana. Myślę, że właśnie tak rośniesz.";Marissa Mayer;tekstualna.pl;
"Przyszedł ten dzień, kiedy ryzyko trwania w pąku było bardziej bolesne niż ryzyko zakwitnięcia.";Anais Nin;tekstualna.pl;
"Kiedyś – nie ma takiego dnia tygodnia.";Janet Dailey;tekstualna.pl;
"Wznoś się po każdym upadku, padniesz trupem albo urosną Ci skrzydła.";Maria von Ebner-Eschenbach;tekstualna.pl;
"W życiu nie zawsze wygrywają najmądrzejsi, najpiękniejsi i najbardziej przebojowi. Wygrywają ci, którzy postanawiają wygrać.";Kamila Rowińska;tekstualna.pl;
"Dawać bez wahania, tracić bez żalu i zdobywać bez chciwości…";George Sand;tekstualna.pl;
"Nigdy nie marnuj czasu, próbując wytłumaczyć kim jesteś ludziom, którzy postanowili Cię nie zrozumieć.";Dream Hampton;tekstualna.pl;
"Dawanie otwiera drogę do otrzymywania.";Florence Scovel Shinn;tekstualna.pl;
"Nauczyłam się, że droga postępu nie jest ani szybka, ani łatwa.";Maria Skłodowska-Curie;tekstualna.pl;
"W życiu nie chodzi o czekanie aż burza minie. Chodzi o to, by nauczyć się tańczyć w deszczu.";Vivian Green;tekstualna.pl;
"Jeśli chcesz dobrze dla swoich dzieci, to spędzaj z nimi dwa razy więcej czasu i wydawaj na nie dwa razy mniej pieniędzy.";Abigail Van Buren;tekstualna.pl;
"Zbyt często ludzie pracują ciężko nad niewłaściwą rzeczą. Pracować nad właściwą rzeczą jest prawdopodobnie ważniejsze niż pracować ciężko.";Caterina Fake;tekstualna.pl;
"Jeśli idziesz za swoim marzeniem, to będziesz testowany.";Kim Kiyosaki;tekstualna.pl;
"Ego mówi: gdy wszystko się ułoży, wówczas poczuję spokój. Duch mówi: znajdź swój spokój i wszystko się ułoży.";Marianne Williamson;tekstualna.pl;
"Kiedy ktoś przechodzi właśnie przez burzę, twoja cicha obecność jest potężniejsza niż milion pustych słów";Thema Davis;tekstualna.pl;
"Albo wygram albo zdechnę.";Justyna Kowalczyk;tekstualna.pl;
"Twoje poczucie własnej wartości zależy tylko od ciebie. Nie musisz pozwalać nikomu mówić ci, kim masz być.";Beyonce;tekstualna.pl;
"Nasz rozwój nigdy się nie kończy, składa się z mnóstwa etapów i kiedy już człowiek myśli, że osiągnął ostatni, otwiera się przed nim kolejny. Ale właśnie to jest fantastyczne! To jak obieranie karczocha, dokopywanie się do tej miękkiej i słodkiej części. Zrzucanie kolejnych twardych, ograniczających warstw.";Agnieszka Maciąg;tekstualna.pl;
"Można mieć wszystko. Po prostu nie można mieć wszystkiego jednocześnie.";Oprah Winfrey;tekstualna.pl;
"Pamiętam, że miałam bardzo mało pieniędzy, że głodowałam i kontrolowałam wydatki. Że musiałam podejmować decyzje, czy dzisiaj kupić paczkę orzeszków ziemnych i kubełek jogurtu, czy jutro kupić dużą torbę serowego popcornu i karton soku żurawinowego. Tym się wtedy żywiłam. Ale nie brałam pod uwagi innej możliwości niż sukces.";Madonna;tekstualna.pl;
"Jeżeli jesteś nastawiony na to żeby wszyscy cię lubili, będziesz gotowy poświęcić wszystko każdego dnia i niczego nie osiągniesz.";Margaret Thatcher;tekstualna.pl;
"Zagłuszanie bólu na jakiś czas sprawia, że powraca ze zdwojoną siłą.";J.K Rowling;tekstualna.pl;
"Pamiętaj, że kiedy potrzebujesz pomocnej dłoni – jest ona na końcu twojego ramienia. Gdy jesteś starszy, pamiętaj, że masz drugą dłoń: pierwsza jest po to aby pomagać sobie, druga, żeby pomagać innym.";Audrey Hepburn;tekstualna.pl;
"Kobieta jest jak torebka z herbatą. Nie wiadomo, jak jest mocna, dopóki nie znajdzie się w gorącej wodzie";Eleonor Roosevelt;tekstualna.pl;
"Mieć trudne życie – to wielki przywilej.";Indira Gandhi;tekstualna.pl;
"Lepiej być nieszczęśliwą samotnie, niż nieszczęśliwą z kimś innym.";Marilyn Monroe;tekstualna.pl;
"Podnoszę mój głos – nie po to, by krzyczeć, ale po to, by ci bez głosu mogli zostać usłyszani";Malala Yousafzai;tekstualna.pl;
"To może zabrzmieć jak banał, ale kiedy czujesz się piękna i silna w środku, to widać na zewnątrz.";Angelina Jolie;tekstualna.pl;
"Jak sam sobie prasujesz, to woda sodowa do głowy ci nie uderzy.";Meryl Streep;tekstualna.pl;
"To twoje miejsce na świecie i twoje życie; idź i zrób z nim to, co tylko możesz, uczyń z niego to życie, które chciałbyś przeżyć.";Mae Jemison;tekstualna.pl;
"Nigdy nie jest za późno – za późno by zmienić swoje życie, za późno by być szczęśliwym.";Jane Fonda;tekstualna.pl;
"Żyje się tylko raz, ale jeśli żyjesz dobrze, ten raz wystarczy.";Mae West;tekstualna.pl;
"W życiu nie ma rzeczy, których można żałować; są tylko rzeczy, na których można się uczyć.";Jennifer Aniston;tekstualna.pl;
"Myślę, że wypalenie jest kwestią złości. Można je przezwyciężyć, znajdując to, co cię złości i przezwyciężając to.";Marissa Mayer;tekstualna.pl;
"Jeśli masz marzenie, musisz uchwycić się go i nigdy nie puszczać.";Carol Burnett;tekstualna.pl;
"Życie jest niesamowicie ciekawe i zaskakujące.. po jakimś czasie twoje największe cierpienia zamieniają się w źródła twojej największej siły.";Drew Barrymore;tekstualna.pl;
"Jeśli ktoś uśmiecha się do ciebie, odpowiedz mu tym samym.";Dolly Parton;tekstualna.pl;
"Dowiedz się, kim jesteś i trzymaj się tego. To po to zostałeś umieszczony w tym życiu. Odnajdź tę jedną prawdę, a wszystko inne przyjdzie wraz z nią.";Ellen Degeneres;tekstualna.pl;
"Nie boję się sztormów i burz, dzięki nim uczę się, jak żeglować moim statkiem.";Louisa May Alcott;tekstualna.pl;
"Marzenie jest formą planowania.";Gloria Steinem;tekstualna.pl;
"Ludzie najczęściej rezygnują ze swej siły poprzez myślenie, że nie mają żadnej.";Alice Walker;tekstualna.pl;
"Jeśli widzisz, że musisz upaść, upadnij przynajmniej w wielkim stylu.";Cate Blanchett;tekstualna.pl;
"Nie pozwól nigdy nikomu mówić ci, że nie masz prawa być tym, kim jesteś.";Lady Gaga;tekstualna.pl;
"Determinacja to poniesienie porażki 19 razy i odniesienie sukcesu za 20. razem.";Julie Andrews;tekstualna.pl;
"Bez otwartego umysłu nie da się odnieść sukcesu.";Martha Stewart;tekstualna.pl;
"Nie ograniczaj siebie. Jesteś wszystkim, co masz.";Janis Joplin;tekstualna.pl;
"Nie można żyć, naśladując kogoś innego. Oznacza to życie pozbawione wszelkich prawdziwych emocji.";Billie Holiday;tekstualna.pl;
"Niezależnie od tego, skąd jesteś, twoje marzenia są ważne.";Lupita Nyong'o;tekstualna.pl;
"Nie można nikogo nakłonić do zmiany. Każdy z nas pilnuje własnej furtki do zmian, która otwiera się tylko od wewnątrz. Nie możemy otworzyć furtki innym, odwołując się czy to do argumentów, czy do uczuć.";Marilyn Ferguson;tekstualna.pl;
"Wdzięczność otwiera pełnię życia. Sprawia, że to, co mamy, wystarcza. Zamienia opór w akceptację, chaos w porządek, konfuzję w klarowność. Może zamienić posiłek w ucztę, mieszkanie w dom, obcego w przyjaciela. Wdzięczność nadaje sens przeszłości, przynosi pokój dzisiaj i tworzy wizję jutra.";Melody Beattie;tekstualna.pl;
"Ciężki jest los współczesnej kobiety. Musi ubierać się jak chłopak, wyglądać jak dziewczyna, myśleć jak mężczyzna i pracować jak koń.";Elizabeth Taylor;tekstualna.pl;
"Jakże często szczęście bywa zaprzepaszczone przez zbyt długie przygotowania – głupie przygotowania!";Jane Austen;tekstualna.pl;
"Jak można stać się motylem? Musisz tak bardzo chcieć latać, że jesteś gotów porzucić bycie gąsienicą.";Trina Paulus;tekstualna.pl;
"Prawdziwą miarą osoby jest to jak traktuje tych, którzy nie mogą wyświadczyć jej żadnej przysługi.";Ann Landers;tekstualna.pl;
"Teraz już chyba należą mi się od życia same przyjemności.";Danuta Wałęsa;tekstualna.pl;
"Fajnie jest, dobrze jest, nie rycz.";Magda Danaj;tekstualna.pl;
"Prawda jest taka, że ludzie, których spotykasz na swej drodze, będą traktować cię identycznie, jak ty traktujesz samą siebie.";Miranda Kerr;tekstualna.pl;
"Zawsze bądź pierwszorzędną wersją siebie zamiast drugorzędną wersją kogoś innego.";Judy Garland;tekstualna.pl;
"Kobieta luksusowa to taka, która ma własne konto. Jest niezależna finansowo.";Dorota Wellman;tekstualna.pl;
"Próbuję sobie przypomnieć rzecz, której żałuję. Nie ma takiej.";Agata Kulesza;tekstualna.pl;
"Ja się urodziłam z pomysłem na całe swoje życie.";Eva Minge;tekstualna.pl;
"Nie wyobrażam sobie, aby można było osiągnąć sukces, nie będąc konsekwentnym i upartym.";Irena Eris;tekstualna.pl;
"Zawsze przestrzegałam zasady, by nigdy nie spędzać nawet pięciu minut z ludźmi, którzy nie chcą być ze mną.";Beata Tyszkiewicz;tekstualna.pl;
"Dla miłości nie jest ważne, aby ludzie do siebie pasowali, ale by byli razem szczęśliwi.";Brigitte Bardot;tekstualna.pl;
"Móc czegoś nie chcieć, to już jest szczęście.";Maria Dąbrowska;tekstualna.pl;
"Każdemu, kto tonie, należy podać rękę!";Irena Sendlerowa;tekstualna.pl;
"Niemożliwe nie może się zdarzyć, wobec tego pozornie niemożliwe musi być możliwe.";Agatha Christie;tekstualna.pl;
"Czynienie dobra powinno przede wszystkim dotyczyć nas samych. Wyzbywam się więc złych emocji, które nagromadzone we mnie sprawiają, że cierpią na tym najbliższe mi osoby. Staram się więc nie ulegać impulsom, nie złościć, być po prostu na co dzień życzliwą. To działa w obie strony, bo im ja jestem lepsza dla siebie, tym jestem lepsza dla innych.";Ania Przybylska;tekstualna.pl;
"Każdy miewa w życiu momenty, kiedy musi się zastanowić, kim jest i czego chce.";Julia Roberts;tekstualna.pl;
"Nigdy nie odmawiaj zaproszenia. Nigdy nie opieraj się nieznanemu. Po prostu otwórz się na świat i napawaj przeżyciami. A jeśli się sparzysz? Cóż, trudno… Pewnie nie na darmo…";Martyna Wojciechowska;tekstualna.pl;
"Tyle wiemy o sobie, ile nas sprawdzono.";Wisława Szymborska;tekstualna.pl;
"Nie tęskni się za tym, czego się nie doświadczyło.";Katarzyna Grochola;tekstualna.pl;
"Moja historia nie wyglądała tak, że pracowałam w McDonald's, ktoś mnie zauważył i następnego dnia chodziłam po wybiegu. To była świadoma decyzja, marzenie, do którego dążyłam.";Anja Rubik;tekstualna.pl;
"Rozśmiesza mnie wszystko. I cieszę się, że tak jest. Musisz zawsze znaleźć jakiś powód do śmiechu, bo inaczej – życie staje się bez sensu.";Cameron Diaz;tekstualna.pl;
"To wybór, a nie przypadek, decyduje o twoim przeznaczeniu. Sam musisz zdecydować, ile jesteś wart, jaką odgrywasz rolę w świecie i w jaki sposób nadajesz mu sens. Nikt inny nie dysponuje tym, co ty-twoim zestawem talentów, pomysłów, zainteresowań. Jesteś oryginalnym egzemplarzem. Arcydziełem.";Regina Brett;tekstualna.pl;
"Nic tak nie rozwija, jak zdrowa rywalizacja. Uważam, że tylko konkurencja skłania nas do ciągłego rozwoju.";Joanna Przetakiewicz;tekstualna.pl;
"Dla mnie receptą jest niezmuszanie się do niczego. Ja robię to, na co mam ochotę.";Krystyna Janda;tekstualna.pl;
"Moja praca – to ja.";Gosia Baczyńska;tekstualna.pl;
"Jesteśmy tym, czego pragniemy.";Erica Jong;tekstualna.pl;
"Na zawsze składa się z wielu teraz.";Emily Dickinson;tekstualna.pl;
"Jest niewiele lepszych dróg do porozumienia od dialogu.";Bożena Walter;tekstualna.pl;
"Jeżeli jest mi źle, to nie marudzę i zmieniam to, co mi doskwiera.";Katarzyna Bujakiewicz;tekstualna.pl;
"Można się tak całe życie zastanawiać, czy wyjść z domu, czy może lepiej zostać, bo zacznie padać deszcz. Ja po prostu wychodzę i nie kombinuję.";Agnieszka Dygant;tekstualna.pl;
"Uważam, że nie pracuje się tylko po to, by się utrzymać. Trzeba robić coś, co daje satysfakcję niematerialną.";Ewa Błaszczyk;tekstualna.pl;
"Kiedy się działa, mniej boli.";Anna Dymna;tekstualna.pl;
"Według mnie piękno to nie ładna czy wyprasowana buzia, ale wewnętrzne światło.";Danuta Stenka;tekstualna.pl;
"Ten tramwaj dalej nie jedzie.";Henryka Krzywonos;tekstualna.pl;
"Dla mnie największym afrodyzjakiem jest dom pachnący cynamonem i jabłkami. Tak pachnie dom szczęśliwy.";Ewa Wachowicz;tekstualna.pl;
"Życie jest za piękne, aby żyć normalnie.";Maria Czubaszek;tekstualna.pl;
"Staram się żyć każdym dniem, cieszyć się tym, co przynosi. Myśleć o tym, co dobre, a nie złe. Bo tak jest łatwiej. Nie przejmować się tym, co było, ani tym, co mnie jeszcze czeka. Wiadomo, że to nie jest proste. Ale nie wybiegam daleko w przyszłość, najdalej o dzień, dwa. Żyję chwilą. Dużo przeszłam i to mnie nauczyło, że nie warto wszystkiego planować. Życie i tak pisze swój własny scenariusz.";Agata Mróz-Olszewska;tekstualna.pl;
"Szczęście się nie kończy, ono ulega zmianom.";Lolita Pille;tekstualna.pl;
"Kiedy tak patrzę na to, co się z przyrodą dzieje w maju, na to co i kogo mam, to się zastanawiam jak do cholery mogę choć na jedną chwilę zapomnieć o niekończących się możliwościach, które daje mi moje życie?";Basia Szmydt;tekstualna.pl;
"Nasze największe słabości leżą w rezygnacji.";Thomas Edison;fabrykadygresji.pl;
"Sukces to nie ostateczność, porażka to nie fatalność: to odwaga, by kontynuować, jest tym, co się liczy.";Winston Churchill;fabrykadygresji.pl;
"Bądź zmianą, którą chcesz zobaczyć na świecie.";Mahatma Gandhi;fabrykadygresji.pl;
"Trudne drogi często prowadzą do pięknych destynacji.";Zig Ziglar;fabrykadygresji.pl;
"Nie bój się porażki. To nie koniec, to tylko początek.";Barack Obama;fabrykadygresji.pl;
"Jedyną przeszkodą między tobą a twoim celem jest historia, którą ciągle sobie powtarzasz i która opowiada o tym… dlaczego nie możesz go osiągnąć.";Jordan Belfort;fabrykadygresji.pl;
"Nigdy nie jest za późno, aby być tym, kim chcesz być.";George Eliot;fabrykadygresji.pl;
"Porażka jest po prostu okazją do tego, by zaczęcia jeszcze raz, tym razem bardziej inteligentnie.";Henry Ford;fabrykadygresji.pl;
"Wszystko, co możemy zrobić, to to, co jest przed nami.";J.R.R. Tolkien;fabrykadygresji.pl;
"Nie ma niczego trwalszego niż tymczasowość.";Pablo Picasso;fabrykadygresji.pl;
"Porażka nie jest przeciwna sukcesowi, jest jej częścią.";Arianna Huffington;fabrykadygresji.pl;
"Nie chodzi o to, ile masz, ale ile czerpiesz z tego, co masz.";Oprah Winfrey;fabrykadygresji.pl;
"Nie mierzy się człowieka liczbą jego upadków. Liczy się to, ile razy wstanie.";Nelson Mandela;fabrykadygresji.pl;
"Jeśli masz marzenie, musisz je doścignąć.";Will Smith;fabrykadygresji.pl;
"Najważniejsze, aby nigdy nie przestawać zadawać pytań.";Albert Einstein;fabrykadygresji.pl;
"Nie czekaj. Pora nigdy nie będzie idealna.";Napoleon Hill;fabrykadygresji.pl;
"Człowiek tyle jest wart, ile warte są sprawy, którymi się zajmuje.";Marek Aureliusz;fabrykadygresji.pl;
"Sukces to suma małych wysiłków, powtarzanych dzień po dniu.";Robert Collier;fabrykadygresji.pl;
"Wielkie rzeczy nigdy nie pochodzą ze strefy komfortu.";Roy T. Bennett;fabrykadygresji.pl;
"Marzenia są niezbędne do życia.";Anais Nin;fabrykadygresji.pl;
"Początki są zawsze najtrudniejsze.";Paulo Coelho;fabrykadygresji.pl;
"Nie możemy zmienić wiatru, ale możemy dostosować żagle.";Dolly Parton;fabrykadygresji.pl;
"Życie jest tym, co z niego zrobimy.";Henry David Thoreau;fabrykadygresji.pl;
"Najlepsza zemsta to olbrzymi sukces.";Frank Sinatra;fabrykadygresji.pl;
"Zawsze dąż do bycia lepszym.";Tony Robbins;fabrykadygresji.pl;
"Pomyśl, wierz, śnij i odważ się.";Walt Disney;fabrykadygresji.pl;
"Lecz ci, którzy ufają Panu, nabierają siły, wzbijają się w górę na skrzydłach jak orły, biegną, a nie mdleją, idą, a nie ustają.";Izajasza 40:31;fabrykadygresji.pl;
"Wiele nieszczęść spotyka sprawiedliwego, ale Pan wyzwala go ze wszystkich.";Księga Psalmów 34:19;fabrykadygresji.pl;
"Czy nie przykazałem ci: Bądź mocny i mężny? Nie bój się i nie lękaj się, bo Pan, Bóg twój będzie z tobą wszędzie, dokądkolwiek pójdziesz.";Jozuego 1:9;fabrykadygresji.pl;
"Pójdźcie do mnie wszyscy, którzy jesteście spracowani i obciążeni, a Ja wam dam ukojenie. Weźcie na siebie moje jarzmo i uczcie się ode mnie, że jestem cichy i pokornego serca, a znajdziecie ukojenie dla dusz waszych. Albowiem jarzmo moje jest miłe, a brzemię moje lekkie.";Mateusza 11:28–30;fabrykadygresji.pl;
"Uniżcie się przed Panem, a wywyższy was.";List Jakuba 4:10;fabrykadygresji.pl;
"Proście, a będzie wam dane, szukajcie, a znajdziecie; kołaczcie, a otworzą wam. Każdy bowiem, kto prosi, otrzymuje, a kto szuka, znajduje, a kto kołacze, temu otworzą.";Mateusza 7:7–8;fabrykadygresji.pl;
"A że sam przeszedł przez cierpienie i próby, może dopomóc tym, którzy przez próby przechodzą.";List do Hebrajczyków 2:18;fabrykadygresji.pl;
"Nie bój się, bom Ja z tobą, nie lękaj się, bom Ja Bogiem twoim! Wzmocnię cię, a dam ci pomoc, podeprę cię prawicą sprawiedliwości swojej.";Izajasza 41:10;fabrykadygresji.pl;
"Pan jest mocą i pieśnią moją, i stał się zbawieniem moim. On Bogiem moim, przeto go uwielbiam; On Bogiem ojca mego, przeto go wysławiam.";II Ks. Mojżeszowa 15:2;fabrykadygresji.pl;
"Bo u Boga żadna rzecz nie jest niemożliwa.";Łukasza 1:37;fabrykadygresji.pl;
"Wszystko mogę w tym, który mnie wzmacnia, w Chrystusie.";List do Filipian 4:13;fabrykadygresji.pl;
"Nie bierz na siebie za wiele spraw, bo jeśli będziesz je mnożył, nie unikniesz szkody. I choćbyś pędził, nie dopędzisz, a uciekając nie uciekniesz.";Księga Syracha 11,10;fabrykadygresji.pl;
"Nie wydawaj duszy swej smutkowi ani nie dręcz siebie myślami. (…) Pociesz swoje serce, i oddal długotrwały smutek od siebie; bo smutek zgubił wielu i nie ma z niego żadnego pożytku.";Księga Syracha 30,21-23;fabrykadygresji.pl;
"Jedynym sposobem, by pracować naprawdę dobrze jest kochać to, co się robi.";Steve Jobs;fabrykadygresji.pl;
"Nie możemy stać się tym, kim chcemy być, pozostając tym, kim jesteśmy.";Max DePree;fabrykadygresji.pl;
"Moc, która leży w Tobie, jest silniejsza od wszystkich przeciwności.";Lailah Gifty Akita;fabrykadygresji.pl;
"Kiedy napotykasz przeszkody, nie zmieniaj swoich celów; zmień swoje działania.";Konfucjusz;fabrykadygresji.pl;
"Jeśli marzysz o czymś, czego nigdy nie miałeś, musisz być gotów zrobić coś, czego nigdy nie robiłeś.";Thomas Jefferson;fabrykadygresji.pl;
"Nigdy nie bój się wyznaczyć sobie zbyt wysokich celów; nawet jeśli nie osiągniesz ich, będziesz miał coś wartościowego.";Michał Anioł;fabrykadygresji.pl;
"Sukces to nie klucz do szczęścia. Szczęście to klucz do sukcesu.";Albert Schweitzer;fabrykadygresji.pl;
"Nie ma granic. Istnieją jedynie poziomy, ale nie ma potrzeby zatrzymywać się na nich, lepiej iść dalej.";Bruce Lee;fabrykadygresji.pl;
"Nie pytaj, czego świat potrzebuje. Zapytaj, co cię ożywia i rób to! Bo to, czego potrzeba światu, to właśnie pełni życia ludzie.";Howard Thurman;fabrykadygresji.pl;
"Nigdy nie jesteś zbyt stary na to, by zmienić cele lub marzyć nowe marzenia.";C.S. Lewis;fabrykadygresji.pl;
"Nigdy nie rezygnuj z marzenia tylko dlatego, że jego realizacja zajmie dużo czasu. Czas i tak upłynie.";Earl Nightingale;fabrykadygresji.pl;
"Przygotowanie to klucz do sukcesu.";Alexander Graham Bell;fabrykadygresji.pl;
"Najpierw myśl, potem działaj.";Konfucjusz;fabrykadygresji.pl;
"Sukces polega na tym, aby znać sekret szczęścia.";Albert Schweitzer;fabrykadygresji.pl;
"Nie pozwól, aby zachowanie innych zniszczyło twój spokój ducha.";Dalajlama;fabrykadygresji.pl;
"Zrozumienie umysłu oznacza zrozumienie wszystkiego.";Dalajlama;fabrykadygresji.pl;
"Wszystko, co kochasz, jest związane z ryzykiem.";Paulo Coelho;fabrykadygresji.pl;
"Najlepszym czasem do sadzenia drzewa było 20 lat temu. Drugim najlepszym czasem jest teraz.";Przysłowie chińskie;fabrykadygresji.pl;
"Nie pozwól przeszłości posiąść twojego obecnego stanu emocjonalnego.";Dalajlama;fabrykadygresji.pl;
"Pierwszym krokiem ku sukcesowi zawsze jest decyzja: wchodzę w to!";Mark Twain;fabrykadygresji.pl;
"Dąż do doskonałości, nigdy do perfekcji.";H. Jackson Brown Jr.;fabrykadygresji.pl;
"Jeśli nie walczysz o to, czego chcesz, nie płacz za tym, czego nie masz.";Swami Vivekananda;fabrykadygresji.pl;
"Najlepszy czas na działanie jest teraz.";Mark Twain;fabrykadygresji.pl;
"Przekuj strach i obawy w motywację do działania.";Chris Grosser;fabrykadygresji.pl;
"Nigdy nie bój się spróbować czegoś nowego. Pamiętaj, że arka została zbudowana przez amatorów, a Titanic przez profesjonalistów.";autor nieznany;fabrykadygresji.pl;
"Ciężko pracuj w ciszy, niech twój sukces zrobi hałas.";Frank Ocean;fabrykadygresji.pl;
"Jeśli nie będziesz ryzykować, nigdy nie zrobisz niczego wartościowego.";Denis Waitley;fabrykadygresji.pl;
"Czy jesteś na szczycie góry, czy dopiero w drodze na szczyt, krajobraz jest taki sam.";autor nieznany;fabrykadygresji.pl;
"Podziel się swoim wiedzą. To droga do nieśmiertelności.";Dalajlama;fabrykadygresji.pl;
"Nie można być zbyt starym na marzenia.";autor nieznany;fabrykadygresji.pl;
"Nawet najdłuższa podróż zaczyna się od pierwszego kroku.";Laozi;fabrykadygresji.pl;
"Rzeka przecina skałę nie przez swoją siłę, ale przez upór.";H. Jackson Brown Jr.;fabrykadygresji.pl;
"Jeśli nie podążasz za swoim marzeniem, ktoś inny cię zatrudni, żebyś pomógł mu spełnić jego marzenia.";Dhirubhai Ambani;fabrykadygresji.pl;
"Życie to 10% tego, co mi się przydarza i 90% tego, jak na to reaguję.";Charles R. Swindoll;fabrykadygresji.pl;
"Wymówek szukają nieudacznicy; postępów dokonują zwycięzcy.";Brian Tracy;fabrykadygresji.pl;
"Wygląd nadrabiaj charakterem, zamiast charakter maskować wyglądem.";Brian Tracy;fabrykadygresji.pl;
"W życiu nie ma znaczenia, ile razy zostaniesz rozłożony na łopatki. Liczy się tylko to, ile razy się podniesiesz.";Brian Tracy;fabrykadygresji.pl;
"Człowiek staje się tym, o czym rozmyśla cały dzień.";Brian Tracy;fabrykadygresji.pl;
"Jedynymi ludźmi bez problemów są ci na cmentarzu.";Tony Robbins;fabrykadygresji.pl;
"Tylko ci, którzy nauczyli się mocy szczerego i bezinteresownego wkładu, doświadczają najgłębszej radości życia: prawdziwego spełnienia.";Tony Robbins;fabrykadygresji.pl;
"Kiedy jesteś wdzięczny, strach znika i pojawia się obfitość.";Tony Robbins;fabrykadygresji.pl;
"Nigdy nie trać kontroli, spodziewaj się problemów i mimo to idź nadal do przodu.";Donald Trump;fabrykadygresji.pl;
"Zaskakują mnie ludzie, którzy uważają: Udało mi się, bo jestem taki bystry i pracowałem ciężej niż inni. Przecież jest wielu bystrych i wielu pracuje ciężko! Jeśli odniosłeś sukces, to dlatego, że ktoś po drodze ci pomógł. Był w twoim życiu jakiś świetny nauczyciel. Ktoś pomógł stworzyć ten niesamowity amerykański system, z którego mogłeś korzystać. Ktoś wybudował drogi i mosty. Jeśli masz biznes, nie zbudowałeś go sam. Jesteśmy w tym wszystkim razem.";Barack Obama;fabrykadygresji.pl;
"Twoją marką jest to, co ludzie mówią o tobie, kiedy wyjdziesz z pokoju.";Jeff Bezos;fabrykadygresji.pl;
"Cały czas szukaj nowych celów. Nawet jeśli jesteś już bogaty, nawet gdy masz ustabilizowaną firmę. Wciąż pytaj, patrz, szukaj, główkuj, co jeszcze innego można zrobić. To znakomicie wpływa na twoją psychikę, ale także zabezpiecza przed nagłą katastrofą.";Ray Kroc;fabrykadygresji.pl;
"Pracuj tak ciężko jak to możliwe, to zwiększa szanse na sukces. Jeśli inni ludzie pracują 40 godzin w tygodniu, a ty 100 godzin, to ty w 4 miesiące osiągniesz to, co innym zajmie rok.";Elon Musk;fabrykadygresji.pl;
"Jesteśmy tutaj, aby przyczynić się do zmiany tego świata. W przeciwnym razie, po co tu jesteśmy?";Steve Jobs;fabrykadygresji.pl;
"Dążenie do doskonałości jest mniej ekscytujące niż dążenie do rozwoju.";Haruki Murakami;fabrykadygresji.pl;
"Nie oczekuj, że rzeczy się zmienią, jeśli ty nie zmienisz siebie.";Albert Einstein;fabrykadygresji.pl;
"Zawsze znajdź powód do uśmiechu.";Alice Morse Earle;fabrykadygresji.pl;
"Wszystko jest trudne, zanim stanie się łatwe.";Johann Wolfgang von Goethe;fabrykadygresji.pl;
"Jedyną osobą, z którą powinieneś się ścigać, jesteś ty sam.";Oprah Winfrey;fabrykadygresji.pl;
"Kiedy jedne drzwi się zamykają, otwierają się inne. Często niepotrzebnie wpatrujemy się w te zamknięte, nie zauważając tych drugich.";Helen Keller;fabrykadygresji.pl;
"Twoje jutro zależy od wielu dzisiaj.";Abraham Lincoln;fabrykadygresji.pl;
"Rób to, co możesz, tam, gdzie jesteś, z tym, co masz.";Theodore Roosevelt;fabrykadygresji.pl;
"Nie możemy pomóc wszystkim, ale wszyscy mogą pomóc komuś.";Ronald Reagan;fabrykadygresji.pl;
"Jeśli chcesz odnieść sukces, musisz być gotów na to, że inni cię skrytykują. Lęk przed krytyką to jedna z najczęstszych przeszkód na drodze do sukcesu.";Grant Cardone;fabrykadygresji.pl;
"Nie ma niczego takiego jak brak czasu, to tylko kwestia priorytetów.";Alan Lakein;fabrykadygresji.pl;
"Wszystko, co naprawdę chcesz, jest po drugiej stronie strachu.";George Addair;fabrykadygresji.pl;
"Jeżeli myślisz, że możesz coś zrobić, lub myślisz, że nie możesz tego zrobić, masz rację.";Henry Ford;fabrykadygresji.pl;
"Życie jest jak jazda na rowerze. Aby zachować równowagę, musisz się poruszać.";Albert Einstein;fabrykadygresji.pl;
"Sukces to ciągłe dążenie do osiągnięcia swoich celów.";Jim Rohn;fabrykadygresji.pl;
"Największym błędem, jakiego można dokonać, jest bojaźń przed popełnieniem błędów.";Elbert Hubbard;fabrykadygresji.pl;
"Nie musisz być wielkim, aby zacząć, ale musisz zacząć, żeby być wielkim.";Zig Ziglar;fabrykadygresji.pl;
"Nie czekaj na doskonałe warunki. Zacznij teraz i skorzystaj z okazji.";George Bernard Shaw;fabrykadygresji.pl;
"Cokolwiek możesz sobie wyobrazić, możesz to osiągnąć.";Napoleon Hill;fabrykadygresji.pl;
"Człowiek z wizją zawsze znajdzie sposób, człowiek bez wizji zawsze znajdzie wymówkę.";Norman Vincent Peale;fabrykadygresji.pl;
"Jeśli nie ryzykujesz, nie masz szansy.";Wayne Gretzky;fabrykadygresji.pl;
"Jeśli twoje marzenia nie przerażają cię, są za małe.";Richard Branson;fabrykadygresji.pl;
"Pierwszym krokiem do sukcesu jest decyzja, by nie być przeciętnym.";Joe Duncan;fabrykadygresji.pl;
"Wszystko zaczyna się od marzeń. Marzenia to dzisiaj myśli, a jutro rzeczywistość.";Walt Disney;fabrykadygresji.pl;
"Nie liczy się to, ile masz, ale to, co z tego robisz.";Bruce Lee;fabrykadygresji.pl;
"Zanim coś osiągniesz, musisz czegoś od siebie oczekiwać.";Michael Jordan;fabrykadygresji.pl;
"Kiedy wygrywasz, nic nie mów, kiedy przegrywasz, mów mniej.";Paul Brown;fabrykadygresji.pl;
"Najpierw Cię ignorują. Potem śmieją się z Ciebie. Później z Tobą walczą. Później wygrywasz.";Mahatma Gandhi;fabrykadygresji.pl;
"Ludzie mogą wątpić w to co mówisz, ale uwierzą w to co robisz.";Lewis Cass;fabrykadygresji.pl;
"Jeśli kiedykolwiek dasz tylko 90% na treningu, to dasz tylko 90%, gdy ma to znaczenie.";Michael Owen;fabrykadygresji.pl;
"Opory, które przełamujesz fizycznie na siłowni, oraz opory, z którymi walczysz w życiu, mogą jedynie zbudować silny charakter.";Arnold Schwarzenegger;fabrykadygresji.pl;
"Wytrzymałość można szybko stracić, jeśli przestanie się pracować nad jej utrzymaniem.";Bruce Lee;fabrykadygresji.pl;
"Trening zajmuje się nie obiektem, ale duchem człowieka i emocjami człowieka.";Bruce Lee;fabrykadygresji.pl;
"Moje życiowe motto brzmi, że jedynym kalectwem jest w życiu jest negatywne nastawienie.";Jessica Long;fabrykadygresji.pl;
"Im więcej potu na treningu, tym mniej krwi w boju.";Howard E. Wasdin;fabrykadygresji.pl;
"Dzisiaj zrobię to, czego inni nie zrobią, więc jutro mogę osiągnąć to, czego inni nie mogą.";Jerry Rice;fabrykadygresji.pl;
"Postaw swoje cele wysoko i nie przestawaj, aż tam dotrzesz.";Bo Jackson;fabrykadygresji.pl;
"Czy chciałbyś być człowiekiem, który ogląda jak rzeczy się dzieją, czy człowiekiem, który sprawia, że rzeczy się dzieją?";Jim Lovell;fabrykadygresji.pl;
"Kiedy z kimś walczę, chcę złamać jego wolę, chcę zabrać jego męskość, chcę wyrwać mu serce i pokazać mu je.";Mike Tyson;fabrykadygresji.pl;
"Płacz na treningu, śmiej się po wygranej walce.";Antoni Gołubiew;fabrykadygresji.pl;
"Nasza filozofia jest prosta: walczyć zawsze do końca.";Łukasz Żygadło;fabrykadygresji.pl;
"Jak trenujesz, tak będziesz walczyć.";Bruce Lee;fabrykadygresji.pl;
"Zaprzyjaźnij się z bólem, a już nigdy nie będziesz samotny.";autor nieznany;fabrykadygresji.pl;
"Lataj jak motyl, ukąszaj jak pszczoła.";Muhammad Ali;fabrykadygresji.pl;
"Trudno pokonać osobę, która nigdy się nie poddaje.";Babe Ruth;fabrykadygresji.pl;
"Ten, kto zwycięży siebie, jest największym wojownikiem.";Richard Kim;fabrykadygresji.pl;
"Człowieka można zniszczyć, ale nie pokonać.";Ernest Hemingway;fabrykadygresji.pl;
"Wojna to pokój. Wolność to niewola. Ignorancja to siła.";George Orwell;fabrykadygresji.pl;
"[…] siła nie musi oznaczać przemocy. Żeby być wojownikiem, nie musisz kierować się prawem pięści.";Becca Fitzpatrick;fabrykadygresji.pl;
"Odejmij własne straty od strat przeciwnika, a jeśli otrzymasz liczbę dodatnią, było to wspaniałe zwycięstwo.";Terry Pratchett;fabrykadygresji.pl;
"Mistrzowie nie tworzą się na siłowni. Mistrzowie są tworzeni przez coś, co mają głęboko w sobie – pragnienie, marzenie, wizję.";Muhammad Ali;fabrykadygresji.pl;
"Każdego dnia rób coś, co przybliży cię do lepszego jutra.";Doug Firebaugh;fabrykadygresji.pl;
"Sukces to nie miejsce, w którym się znajdujesz, ale kierunek, w którym zmierzasz.";Oliver Wendell Holmes Jr.;fabrykadygresji.pl;
"Jeśli chcesz osiągnąć wielkość, przestań prosić o pozwolenie.";autor anonimowy;fabrykadygresji.pl;
"Twój czas jest ograniczony, więc nie marnuj go, żyjąc cudzym życiem.";Steve Jobs;fabrykadygresji.pl;
"To, czego najbardziej się boisz, jest tym, co musisz zrobić.";Tim Ferriss;fabrykadygresji.pl;
"Zacznij realizować swoje marzenia! Dopóki tego nie zrobisz, będą sprawiały wrażenie czegoś niewykonalnego.";Nelson Mandela;fabrykadygresji.pl;
"Większość ludzi rezygnuje zanim uda się im odnieść sukces. Nie rezygnuj, bo nigdy nie wiesz, czy następna próba nie przyniesie ci sukcesu.";Bill Gates;fabrykadygresji.pl;
"Jest tylko jedno szczęście w życiu – kochać i być kochanym.";George Sand;fabrykadygresji.pl;
"Rób to, co uważasz za właściwe. I tak nie unikniesz krytyki.";Eleanor Roosevelt;fabrykadygresji.pl;
"Najlepsza zemsta to sukces i dobre życie.";Meryl Streep;fabrykadygresji.pl;
"Pomyślność to zdolność do doceniania tego, co masz, zamiast zawsze dążyć do posiadania więcej.";Jon Kabat-Zinn;fabrykadygresji.pl;
"Najlepszy czas na działanie jest teraz.";Mark Fisher;fabrykadygresji.pl;
"Zmień myślenie, a zmienisz swoje życie.";Brian Tracy;fabrykadygresji.pl;
"Nie licz dni, spraw, aby dni się liczyły.";Muhammad Ali;fabrykadygresji.pl;
"Nie pozwól, by trudności wczorajszego dnia wpływały na jasność dzisiejszego.";Chetan Bhagat;fabrykadygresji.pl;
"Błędy to część opłaty, jaką musisz zapłacić za pełne doświadczenie życia.";Sophia Loren;fabrykadygresji.pl (via vogue.pl);
"Wielkie rzeczy nie powstają w wyniku impulsu, a w wyniku składania małych rzeczy w jedną całość.";Vincent Van Gogh;fabrykadygresji.pl;
"Nasze życie jest takim, jakim uczyniły je nasze myśli.";Marek Aureliusz;fabrykadygresji.pl;
"Nic nie jest niemożliwe. Samo słowo mówi, że jestem możliwa.";Audrey Hepburn;fabrykadygresji.pl (via vogue.pl);
"Ważne jest, aby nigdy nie przestać pytać.";Albert Einstein;fabrykadygresji.pl;
"Największym niebezpieczeństwem dla większości z nas nie jest to, że mierzymy za wysoko i nie osiągamy celu, ale to, że mierzymy za nisko i cel osiągamy.";Michał Anioł Buonarroti;fabrykadygresji.pl;
"Człowiek jest tym, o czym przez cały dzień myśli.";Ralph Waldo Emerson;fabrykadygresji.pl;
"Skoro można pomyśleć, że może być lepiej, to znaczy, że już jest lepiej.";Olga Tokarczuk;fabrykadygresji.pl (via vogue.pl);
"Wizja bez działania to marzenie. Działanie bez wizji to koszmar.";przysłowie japońskie;fabrykadygresji.pl;
"Sukces to robienie zwykłych rzeczy – niezwykle dobrze.";Jim Rohn;fabrykadygresji.pl;
"Nie musisz widzieć całych schodów. Uczyń tylko pierwszy krok.";Martin Luther King Jr.;fabrykadygresji.pl;
